"language","id","text","Score"
"pt",1,"engraçado é ver  apresentador marcelo barreto  sportv  programa   apresenta dizer q  times  brasil nao sabem perder pois   acontece coloca  culpa principalmente  juiz comoaconteceu  fla x flu  coloca  culpa  técnicoaí  respondo    fila comprei  entradapeguei  transporte peguei   fila entrei  estádio  ver  jogo  futebol  clube   torço chego lá vejo  clube sendo prejudicados   lance fácil  entender   falta   posso reclamar porque é  partida  futebol   q seguir  cabeça   apresentador  inteligente   flamengo   tudo bemcom todo respeito   aprensentador formador  opiniões  descordo sei perder  fluminense perdeu ontem  classificou   merecia perdeu porque jogou mal    interferência  alguém q   normal  qualquer lugar     partida  futebol",0.177552717391305
"pt",2,"flamengo rei  rioegole  choro",0.27850115
"pt",3,"flamengo  arbitragemx fluminense  arbitragem",0.5
"pt",4,"diego cavalieri  q ser reserva  júlio cesar",0.48355268
"pt",5,"tomara   jogo  cancelado    certo pq  juiz roubouo tempo todo pow",0.43257275
"pt",6,"wilson bom dia  fale besteira  time jogou bem   roubados  sim saudações tricolores",1
"pt",7,"mulambada vergonha  brasil",0.19794165
"pt",8,"desculpem  show  arquibancada  ganha jogo  menos campeonato  q  cavalieri fez  ridículo ganhando  cartão vermelho   cena  goleiro substituto correndo  defender   gol  vergonhoso motivo  chacota  tricolor  orgulho   q  time  feito  últimos tempos   dando  aceitar flamengo vem jogando  quase  mês  quartas  domingo time cansado  guerrero bichado   assim conseguimos perderé  q  sempre falo   medo  time nenhum  medo    próprio time pq     bola atrapalha",0
"pt",9," tricolor  coração ganhando  perdendo",0.3426154
"pt",10,"time medíocre  time  abel além  tudo  time marica",0.73237525
"pt",11,"aqui  mengao",0.5
"pt",12,"é campeãooooooooo",0.51454684
"pt",13,"verdade patrick santos",0.517966585
"pt",14,"mulambofluminense",0.5
"pt",15,"série c",0.5
"pt",16,"roubado   vez   direito   comemoração  juiz  jogo",0.21470885
"pt",17,"  parabenizaria  framengomas agora vendo  vídeo entendo   quê  tantas inversões  faltas  deixar  wellington silva jogar marcar faltas inexistentes contra   ataque etc  tal enfim parabéns    senhoria   direi arbitro juiz torcedor privilegiado vendo  jogo   gol  dentro  campoescolham",0.542114529411765
"pt",18,"henrique dourado jogou bem  apartir dosdo segundo tempo  mt cansado achei   invés  tirar  welington poderia sair  richarlyson  abel  mando  time ontem  flu   alma  primeiro tempo",0.5447376
"pt",19,"tomaram   rabo timinho  vergonha",0.19794165
"pt",20,"vamos ganhar  brasileirao",0.8005073
"pt",21,"choraseus vices kkkkkkkkk",0.5
"pt",22,"ganhando  perdendo   tricolor  concorda curti",0.4131475
"pt",23,"kkkkkkkk",0.5
"pt",24,"chora tricoletes",0.3783994
"pt",25,"  motivo  tirar  cavalieri  so fez falta nn precisava ezagera",0
"pt",26," torcedores  flores  entende  futebol  pode    bola  área  zagueiro vai ficar  chão esperando  bola chegar  lógico  vai perder  bola  alto  henrique  reclamou pq sabe  fez merda agora  sei  onde vem  ditado popular  é maluco  viado",0.001136176470588
"pt",27,"cambada  corruptos",0.5
"pt",28," doalemanhabrasilvc ainda quer acreditar  futebol",0.4326007
"pt",29,"roubaram   vez rsss",0.41568455
"pt",30,"faça  proposta  goleiro mateus  novo hamburgo rsgoleiro campeão gaúcho",0.9023635
"pt",31,"verdade gostei  time   centroavante vai bem pode ser  rafael moura",1
"pt",32,"wellington silva ridículo orwjuela peidão sornoza covarde time medroso vamos sofrer   ano ainda peidaram pro estadio lotado",0
"pt",33,"globo juiz peter siempsem time covarde varios fatores   derrota",0
"pt",34,"fazer  qvence   fura bola  defesa",0.5
"pt",35,"chora  tapetão paguem  série b florminenc",0.5923569
"pt",36,"pensaram   campeões carioca   forte esquema tático armando dois atacantes  contraataque deus certo contra  vasco  contra  mengo virou atração  circo",0.9344424
"pt",37,"abel fez merda   h sempre inventa  time fez  gol  recuou podiar pressionar  metia maisgols  matava  jogo",0.19371535
"pt",38,"problema   continuo sendo flusao",0.1440782
"pt",39," tao discontroladas kkkk",0.534188255
"pt",40,"chega  cavallieri  deu  reflexo nenhum",0.38424555
"pt",41,"abel   time retranqueiro",0.5801592
"pt",42," presidente  flu é  otário fica fazendo aliança  bandidos porque  timinho é  bandidos   toma  rabodeixa  flamengo disputar sozinho  porranão  vendo   arbitragem erra sempre  favor delesqualquer jogador  flu  encostasse neles  faltao jogador  flamengo subiu  costas  richarlison   deu falta  favor  flamengo",0.271226631578947
"pt",43,"tirou wellington silva   fudeu treinador burro  carai",0.21944595
"pt",44,"juiz roubou",0.3986893
"pt",45,"respeitem  maior  rio porra",0.37072235
"pt",46," duplo x  vascocô   virada  foguinho  valeu  parabéns  guerreiros",1
"pt",47,"juizxfluzão  time   parabéns",0.9785577
"pt",48,"amo  timefluminense  morrer",0.3113822
"pt",49,"maranhão é  pau parece  é maluco crl",0.1014836
"pt",50,"fiqui puto   tal experiência  abel bragaporra parece  é maluco  time   segurar  esperar  merda  flamerda",0
"pt",51,"  x  cara  apito torceu pro flamengoque nojo",0.3049886
"pt",52,"parabéns torcedores  fluminense  vice campeonato  flamengo é  melhor",1
"pt",53,"agradeca  arbitro  nao vai ficar assim",0.3299851
"pt",54," quero saber    vão reclamar sobre   juiz comemorou  gol irregular  flamengo   tirou  titulo",0
"pt",55,"vcs perderam porque  incompetentes fizeram  gol aosminutosganharam  partida todapegaram  gol  falha  goleiro   goleiro  espulso  incompetência  zaga  deixou  goleiro sozinho  forçado  fazer  falta  ser espulso  culpe  juiz  incompetência  time  vcs",0
"pt",56,"acontece",0.491009565
"pt",57,"oh sacode",0.47317043
"pt",58,"juizão vinha apagado    verdadeiro craque resolveu  jogo   lance  deu  título   time",0.70623365
"pt",59,"cadêo matadorkkkkkkkk",0.5
"pt",60,"pqp abel tirar wellington silva  colocar  maranhão quejá provou   joga nada wellington silva  jogando nada é mil vezes melhor  bonde maranhão",0.613639238095238
"pt",61,"obg  fluminense  perdendo jogo  crlh",0.4344526
"pt",62,"jogo comprado",0.5
"pt",63,"  vcs vão fazer contra  verme",0.19796095
"pt",64,"chora fluzinho aqui  flamengo ta errado ai  placar  soma  dois jogos  ",0
"pt",65,"patrick santos chora  bebê",0.4000797
"pt",66,"sempre contigo   fim",0.517006905
"pt",67,"vou continuar sendo tricolor   fim   vida",0.536709605
"pt",68,"vamos flamengo ser campeões vamos flamengo",0.70735935
"pt",69," fluminense  quemandar emboradiego cavalieri renatochavesmarquinho maranhão é m junior",0.51454684
"pt",70,"é infelizmente  abel fez  substituições erroneamente maranhão  é jogador  final  campeonato marcos júnior  pedro deveriam ter entrado antes wellington silva mostrou   vez ser fominha demais agora ganhar  juiz aí é foda ninguém consegue  réver empurra  jogador  fluminense falta porra  jogador  flamengo faz  gol  fazer  quê né ontem   assalto arrastão pois  mulambada   festa kkkkkk",0
"pt",71," árbitro errou sim    justifica  fraco desempenho  time jogou  raça  qualidade deveria manter  mesma pressão  fez  gol  acovardou parecia  nunca haviam treinados juntos    semana toda   agora é aguentar  ridículos  mulambada espero   atuação   repita  outras competições  abel   infeliz  substituição colocando maranhão  campo perdido jogando  trás todo enrolado wellington silva  deveria sair é  jogador  sempre incomoda qualquer defesa  equipe precisa  reforços urgente senão vamos sofrer  brasileirão saudações tricolores",0.19312
"pt",72,"mengãocampeão",0.5
"pt",73,"kkkkkk  choro  livre",0.64041175
"pt",74,"adorei  jogo  hj  flamenguista deixo  parabens  vcs   jogo maravilhoso  torcida linda animada  sabem respeitar  adversários   respeito  jogadores  flu maravilhosose chegou onde chegaram pq mereceupeña  nao dar pros dois times ser campeão parabens  vcs sao dee maaiiis vcs nao ganharam titulomais n significa q vcs nao  bemvcs sao maaravilhoosoooos",1
"pt",75,"wendel é pros minutos",0.51454684
"pt",76,"parabenizando  rivalidade emjogaram mtotricolores  pouco investimento  é  nada  é  melhor base  rj esperamos fazer  ótimo brasileirão   clássicos assimpaz  estádios",0.2427935
"pt",77,"saco cheio cade  scarpa",0
"pt",78,"mano oque  flamenguistas tão fazendo aqui  comentáriosserá  so  titulo ja n ta bom pw",0.517655135
"pt",79,"infelizmente  fluminensefoi   próprio inimigo  final  jogou bem  primeiro jogo   aproveitou  chance  ganhar  segundo jogo  podia abel braga mexeu mal tirando  w silva   melhores  campo tudo bem   flamengo   ajuda  árbitro  gol  empate  agora  adianta lamentar bola  frente segue  jogo",0.259011078947369
"pt",80,"chupaaaaaa",0.5
"pt",81,"chupa tricocolor viado kkkkkkkkkk rei  rio supremo",0.40844845
"pt",82," única coisa  fico  puto é   invés  flamenguistas estarem comemorando  títuloficam atacando  torcedores  outros times bando  babacas",0.13680875
"pt",83,"maranhao  jogo é menos   campoe marcos junior  reserva é  pecadoinfelizmente nao deu",0.37459215
"pt",84,"flamengo campeãoissoaquiéflamengo",0.5
"pt",85," juiz puxou otempo pro fluminense ai  fluminense ficou requado   defendendo notempo  ainda vem dizer q  juiz roubou kk brincadeira  aqui er flamengoo",0.365409590909091
"pt",86,"maranhao  lugar  wellington silva tá  brincadeira bom  é  richarlison né abel ohhh guri ruim  faz  jogada    trancos  barrancos vai ser  favor  vender  aí  manda junto maranhao léo dourado marquinhos renato ahhhhh abel   opinião antes  querer revelar jogadores  pedro calazans voce precisa dar    certa tranquilidade jogando  lado  jogadores experientes    vão aprender  explica    muleke desses vai aprender  dourado richarlison   elogio  pouco futebol  revelados grandes talentos  vão todos embora  meio  ano queremos  título  infelizmente    ano  piorar olha  opção  zanga ernando zagueiro  intervocês tão  brincadeira   torcedor  desculpe  diretoria treinador   querem  bem  fluminensee      dinheiro  bla bla bla parem  reformar estádios pros outros pagar aluguel  estádio cada jogo é   estádio diferente  concordo  usar  base desde   garotos fiquem  clube  perspectiva  evolução agora revelar   vender aí  vai dar certo  chega   time  sabe contratar é cada   aparece",0.3138025
"pt",87,"flamengo  campeão carioca blz   fluminense  venceu  três  rio goleou  botafogo goleou  vasco duas vezes  ainda  campeão  taça guanabara  cima  flamengo",1
"pt",88,"jogos   florminense nao ganhou umaquem é richarlison  weligton silva nao conheçobotamos   bolso  novochupa  filho  putasvao chorar   vascainos   botafoguensesnem  flamengo jogando mal voces vence  gentechupa",0
"pt",89,"maranhão vem treinando  põem   próxima  novo",0.54328519
"pt",90,"campeão poha maior  mundoe bolsonaro presidente",0.70744935
"pt",91,"foda flu",0.48642294
"pt",92,"avante flusão boa noite guerreiros",0.74320475
"pt",93,"valeu",0.73100085
"pt",94,"choraaaa",0.5
"pt",95," fuderam",0.5
"pt",96,"chuuupaa",0.5
"pt",97,"acabou  ko",0.2826304
"pt",98,"kkkkkkk",0.518351855
"pt",99,"kkkkkkkkkkkkkkkkkkkkkk",0.5
"pt",100,"vai  fuder manow fluminense  chance",0.39494165
"pt",101,"aqui é flamengo porra chora kkkkkkkkk",0.2927815
"pt",102,"juiz ladrão",0.1978828
"pt",103," entendi pq  abel  relacionou  calazanso mlk tá jogando   pq botou  maranhão mexeu  mal",0
"pt",104,"campeonato cariocaglobojuizflamerda campeão",0.7997175
"pt",105,"juíz comemorar gol eh escandaloso",0.2153473
"pt",106,"alguém viu  sornoza   desaparecido fluminense precisa urgente   goleiro  zagueiro   camisasenao  vai participar  brasileiro",0.1814168
"pt",107,"freguês  sempre razão  favor paguem  série b logo",0.6410043
"pt",108," flu fez  bom jogo",0.9043384
"pt",109,"  orgulho  ser tricolor  aumenta orgulho   time   torcida espetacular  canta  apoia  jogo todo ainda  muitas alegrias  ano perdemos  batalha    guerra",0.20256905
"pt",110," amor  deus  deu oque   dar  cavalieri",0.8514184
"pt",111,"eliminados kkkkkk",0.531366425
"pt",112,"  século  flamenguistas comemoram  único título   fluzão ganhou  primeira liga eo carioca     chorarfluzaoatemorrer",0.47973253
"pt",113,"issoaquieflamengo",0.5
"pt",114,"fluminense ficou  amizade  mulambo  deu nisso abad é rubronegro   sair",0.758207
"pt",115,"joão paulo trejos",0.5
"pt",116,"viva  flamengoque ganhou  roubo",0.27145005
"pt",117,"forçafefoco  lutatudo ótimonao é   q vou deixar  ser tricolorse esforçaram muitoomuito booom",0.81756185
"pt",118,"chupaaaaa vão pagar  série b primeiro   ganhar  título  vista tapetão",0.55204625
"pt",119,"parceiro  culpa   más substituiçõesmaranhãoporque  lucas  querer dar passe  letra naquela altura  campeonatoacabou sofrendo escanteio   consequência veio  gol  guerrerosão erros primárioscade  diretoria  fazer  contratações certaso léo pelé tomou vários lances  costas   corrida  sabe marcar  eficiência   sabe cruzarcom todas  equipes fortemente preparadas nesse campeonato brasileiro quero ver    laterais    zaga fraca  vai chegar longetomara  simst",0.378829038461538
"pt",120,"renato chaves  serviria   sub   jogadaárbitro comemorou  gol  mulambadatime morto   sido  maioria  jogos",0.08900965
"pt",121,"tchau maranhão vai chutar bunda  vaca",0.03165255
"pt",122,"time fraco ficousemanas treinando abel poupando jogadores  fla jogouvezes  titulares  correram    bando  amarelões fraco  timeco",0
"pt",123,"   jogo  vivi    torcida fez  mulambos  aguentaram conosco vamos  cima fluzão quero gritar campeão",0.53711021
"pt",124,"abad filho  puta continua babando ovo desse time sujo  flamengo aliança   vermes é  crlh fica caindo  pilha dessa mídia imunda flamengo é  crlh",0.302335391304348
"pt",125,"jogar contra  juiz é foda campeonato lixo",0
"pt",126,"  é ser campeão carioca invicto  mim é ganhar todos  jogos  disputas  penaltes    flamengo  fez  perder  taça guanabara  penaltes   fluminense  agora  saindo    campeão invicto outro questionamento    dirigentes  futebol deveriam levar   federação carioca  futebol é  mudança  regras   disputa  campeonato carioca    ver deveria ser     ano passado   campeões  taças guanabara  taça rio    disputa  ostimes  fizeram  pontos  todo  campeonato  aconteceu   flamengo   ganhou nenhum  dois turnos  acabou campeão carioca caríssimos leitores  é  disciplina  moralizar  disputa desse campeonato é preciso    dirigentes lutem  voltar  regras anteriores senão   campeonato cada vez  esvaziado   poucas arrecadações vamos ajudar  moralizar  campeonato carioca  tentar fazer  abaixo assinado    chegue  mãos   dirigentes   forma  insatisfação  regras dessa nova forme  disputa  finais  campeonato carioca saudações tricolores",0.610973853211009
"pt",127,"carioca é  menos importante  ano serviu  montarmos  bom time  precisamos   zagueiro  lateral esquerdo   goleador  brigamos realmente  competições importantes  copa  brasil sulamericana  brasileiro  ano  começou     time  precisa  alguns ajustes parabéns  torcida  deu show parabéns  time  lutou   parabéns  abel  belo início  trabalho",1
"pt",128,"kkkkkkkkkkkkkkkkkkkkkkkkkkkkk",0.5
"pt",129,"saudações rubro negras  choro é livre kkkkkkkkkkkkkkkkkk",0.6451997
"pt",130,"x facil",0.52865502
"pt",131,"  time novo cheio  garotos  competitivos  quase beliscamos coisas boas   vir",0.7791272
"pt",132,"fala  abelão  mataram  jogo  aquilofala  fala",0.37543205
"pt",133," bicão  campeão kkkkkkkk",0.8020264
"pt",134," juiz é tudo comprado  averiguar  propinas deve rolar",0.489646495
"pt",135,"calada ainda ",0.41264605
"pt",136," choro é livre flores",0.6497924
"pt",137,"bom jogo parabéns fluminense  vcs vão dar trabalho  copa  brasil jogou demais hj",0.82909795
"pt",138,"justo",0.77043195
"pt",139,"abel cagou pau",0.5
"pt",140,"sóeu  acho   jogo  roubado",0.1979702
"pt",141,"vices kkkkkkk pó  arroztime  laranjadas",0.518351855
"pt",142,"vice",0.5
"pt",143,"perdeu",0.37464995
"pt",144,"neeeeeeeennnnse",0.5
"pt",145,"jogão fluzao  conseguiu  jogou bem  q importa cavaliere monstro  representa",0.60718075
"pt",146,"quero ver oque  diretoriavai fazer  relaçãoa  vergonha  arbitragemjuiz comemorou  gol  flamerda ta circulandoo video  redes sociais nãomarcou faltas perto  áreapara  flu   globosta  sequer tocou  assunto  falta  rever  henriqueno gol  guerreiro iso  contar   primeirotempo  zagueirodeles meteu  mãona bola dentro  area   juiz deu mãodo jogador  flu enfim vergonha total",0.0495306382978725
"pt",147,"maranhão é ridículowellington silva mal  milhões  vezes melhor     pelada  vagaabelão perdeu  título nosjogos mexeu malnesse prendeu  lucas  medo  investidas  adversário oq é inaceitável  final  guanabara  lucas desequilibrouabel   parar  inventar  decisõescavalieri  pode falhar  bola dessasopinião apenas",0
"pt",148,"  capacidade  suficiente  jogar  belo futebol parabéns  flamerda  todas vez precisa  juiz  ganhar algoagora parabéns  fluminense pois  guerreiro  lutou   final",1
"pt",149,"aceitam  dói menos kkkk",0.324889
"pt",150," vamos deixa  proxima",0.60367965
"pt",151,"poxa  triste  timaso perdeu",0
"pt",152,"time precisa  unsreforços",0.5801592
"pt",153,"fico revoltado  ver  flu aliado  flamengo  papinho  dois serem contra  ferj nao cola pois independente  qualquer coisa  flamengo é sempre beneficiado  trás",0.715601454545455
"pt",154,"chora  rosas kkkkkk",0.4185038
"pt",155,"tomaram duas porradas dois domingos duas porradas",0.48478806
"pt",156,"ganhar fla flu é normal",0.81658425
"pt",157,"abad   cair  pau  cima  juiz chega  boas maneiras porrada nesses ladrões",0.62694425
"pt",158,"siseramente  torço pro fluminense   precisar melhorar perdeux  ",0.77611445
"pt",159," ai diretoria achando ainda   elenco vai trazer titulo  anosem zagueiro  lateral esquerdo    centroavantecampeonatos  ano ja perderam  º",0.21414215
"pt",160,"caralho abad  vai deixar  time ser roubado toda rodada agoratodo clássico vai ser  maozadavai tirar  língua  rabo  vai deixar aí msmo parabéns  time v  machos  caralhojogaram contraárbitro  bandeiras",0.545588
"pt",161,"  dar  bronca  lucas porra  merda  finalele    passe  letra é acabou errando   fluminense acabou tomando  gol  escanteio",0
"pt",162," merda ein",0.0644087
"pt",163,"choraaaaaaaaaaaaaaaaaaaaaaaaaaaa",0.5
"pt",164,"time  moral  futuro  sinto envergonhado  ser torcedor desse desastre chamado fluminense time covarde  garra  muitos erros vamos torcer  nao ser rebaixado  serie b  brasileirao time  onra  torcedorespoderia perder  qualquer outro time menos pro flamengo    timeco   flu  so podia dar nisso nessa vergonha",0
"pt",165,"crlh  porra  final final  pode perder gol  ainda    clássicoa equipe jogou bem   falta é finalizar     equipe   parabéns",0.4332928
"pt",166," estádio  maracanã  azar   fluminense  todas  decisões  vi   fluminense jogando lá  sempre  vice campeão  nunca ganhou nada deveria  mudar   engenhão  é  estádio  sorte",0.950692818181818
"pt",167,"pode parecer doideira respeito  opinião  todos  deu  saudade  fred hj   jogador ali   merece vestir  camisa  fluminense",0.51923795
"pt",168," ganha   raça  vai  cimaficar tocando bola   lado  outropra garantir  vantagem  disputa  penaltes  covardiatinha  ir  cimajá   fizemos elesfizeram",0.6230819
"pt",169,"time nenhum ganha  goleiro flamengo so ganhou  ",0.43645875
"pt",170,"sai  wsilva  entra maranhão vai  fuder abel",0.3295448
"pt",171," vergonha  adianta  negocio  poupar jogador  flamengo  poupou ninguém  é campeãolamentável  atitude  fluminense",0.2374539
"pt",172,"normal  maior venceu segue  jogo kk",0.489775075
"pt",173," cavalieri",0.5
"pt",174,"    revolta é perder   time lixo  flamengobando  baderneirosque  fazem m  rua",0
"pt",175," maior vencedor    ganha  dignidade     ganha roubando",1
"pt",176,"falou tudo raul bismarck",0.545646295
"pt",177,"tá bom ganharam  vasco  é   importante amarelar pro flamengo  é problema  é vergonhoso problema é perder pro vasco",0
"pt",178,"fluminense eterno amor  vitória   derrota  alegria   tristeza  sempre estarei  vcmas vale  derrota  perda  dignidade    vitória  conquista imoraleu  amo  fluzão",0.98476585
"pt",179,"renato chaves jogou  ta  parabens",0.460648475
"pt",180,"carga  réverhahahahahha time horrorosoisso aqui é clube  regatas  flamengo d",0.6434145
"pt",181,"maior  rio   mundoflamengo",0.470887125
"pt",182,"hj vai ter festa  presidio",0.5539584
"pt",183,"perder faz parte",0.23889675
"pt",184," parece verdadeas pessoas dizem   flamengo   estádio   palmeiras   mundial   botafogo   libertadores   vasco é sempre rebaixado   inter apelou pro tapetão    paulo é time  boiolajá pararam  pensar   fluminense é  tudo   time  tipo  combo",0.565988633333333
"pt",185,"força fluzão bola  frente",0.5
"pt",186,"paguem  série b primeiroflores hahahahahé campeão",1
"pt",187,"bem feito  bostas",0.8699416
"pt",188,"gustavo souza ué",0.5
"pt",189,"oshi  orgulho dessa torcida  levamos  título  abafamos  mulambos  demos  show pró time  guerreiros bola  frente pensamento elevado  campeonato brasileiro",0.68673605
"pt",190,"  passou passou agora  foca  brasileirão",0.518457325
"pt",191,"so  campeonato carioca  proporciona   flamengo campeão carioca  ganhar nenhum turno é  vergonha  federação  rio",0.6198976
"pt",192,"kkkkkkkkkkkkkkkkkkkkkkkkkkk",0.5
"pt",193,"   vamos  cima fluzão",0.60367965
"pt",194,"exelente partidaestão  parabéns erga  cabeça mete  pé  vai  fé manda  tristeza emborate amo  tricolor",0.8791465
"pt",195," vi  jogo   lance  primeiro gol  urubu deu  ver    intenção  juiz   jogo    penaltis   iria ajudar",0.7793868
"pt",196," filha  puta desse goleiro cuzao   culpado",0.08199755
"pt",197," virada é bem melhor chora torcidinha arco irisisso é aqui é flamengo detalhe   torcida  florminense   gatacampeão mundial",1
"pt",198,"ridículo  globo transmitindo  jogos  fluminense    torcida apareceu umasvezes   passagens rápidas    vergonhaos jogos  fluminense   ser transmitidos  record redetv sbt youtube menos  bosta  rede globo",0.042955652173913
"pt",199," toço   flu dexisti  futebol vo torce so  seleção brasileira porra entrega  título pro flamengo  mim veces tornaram  setime pequeno time merda",0.367553238095238
"pt",200," fiquem reclamando fluminense jogou   fim lutou suou  camisa  dar  título  agora é seguir  frente  focar  copa  brasil copa sul americana   outrosparabéns flu",0.232512545454546
"pt",201,"choram  rosas",0.51102343
"pt",202,"perder  ganharfaz parte  jôgotricolor semprenenseeeeeeeeee",0.38178495
"pt",203,"time jogou bem  fluminense   contrata  umjogadores bom  fortaleça essi time   brasileiro  diverte",1
"pt",204,"chola  paiii",0.5
"pt",205," aqui  flamengo",0.5
"pt",206," virada é  gostoso",0.7698171
"pt",207,"time fdppq ninguem reclamou  falta  henriquefomos roubados contra  bostinhavascoagora ",0.1381304
"pt",208,"chupa flu",0.5
"pt",209,"parabéns ganhando  jogo ate  segundo tempo aí toma dois gol comminuto venderam  jogo pro flamengo",0.9401606
"pt",210,"fluminense vai  tudo  bota cavalieri acabou  fluminense",0.25040145
"pt",211,"orgulhofluminense acima  tudo",0.54371339
"pt",212,"kkkkkkkkkkkkkkkkkkkkkkk",0.5
"pt",213," amor  respeito é   parabéns  atuação  campo",1
"pt",214," vizinho disse  nunca  vai torcer pro fluminensejogou   maquiagemperucaesmaltessapatilha vestido oh bicha revoltadasrn",0.34124155
"pt",215,"time q   goleiro desse dois zagueiros medíocres é  atacante inexistente  time n existe qdo  clube  propõe  contrata jogadores desse quilate  clube  é sério",0.624185130434783
"pt",216,"choroes",0.5
"pt",217,"arbitragem safada",0.546247705
"pt",218,"falta  primeiro gol  fla   guerreiro amor eterno fluminense",0.518571185
"pt",219,"chora  tapetoes  aqui  flamengooooooo",0.3783994
"pt",220,"péssima gestão agora  chama apito amigomeu irmão  elenco é limitadíssimo abel  tirando leite  pedra nenhum  jogadores q entraram tinhamcaracterísticas  mudar  porra  jogo   elenconão  dinheiro pq   gestão merda q  apóia  desculpa  obrasil   crise     consegue patrocínio master devemos salarios    craque  timepelo amor  deus  gestão  continuação  dor peter q tanto lutou  tirar  unimed é    conseguiramuma porra   rebaixamento emé umaliga  merda q ninguém liga  rimou    acostumado  vexame  derrota quero  clube  voltarqro  libertadores  sulamérica  hegemonia  carioca tudo q vcs péssimos gestores    dizem tricolores  tiraram",0
"pt",221," aquie flamengochorem aqui",0.508350925
"pt",222,"trocou wellington silva  botou maranhão vc é  bosta voltacuca",0.17212135
"pt",223,"orgulho  ser tricolor",0.53373547
"pt",224,"aqui  flamenngooo",0.5
"pt",225,"time  guerreiros obrigado   desistirem  acima  todos   problemas  patrocínio    custos altos  ct demos  show  campo   arquibancada",0.881465
"pt",226,"chupa crlh mengao  mengao hehew",0.41957145
"pt",227," cavalieri deu rebote  todos  jogos contra  flamengo   todos sairam  gols",0.53026375
"pt",228," sempre fluminense",0.5
"pt",229,"parabéns  grupo lutou   deu agora   coisa  maranhão  jogador  futebol",0.8882391
"pt",230,"time jogou  bem  derrota   vitória  smp fluminensesou tricolor  coração   time tantas vezes campeãoo time ta  parabens",0.99571375
"pt",231,"outro fato importante  gustavo escarpa támeses  dpmleva  pro upa  curar  bem  fred disse   dpm   merdaaté hj  recuperou  gustavo scarpa",1
"pt",232,"perdermos  título  causa  jogo  ida",0.5
"pt",233,"parabéns torcidacantou  jogo inteirojogou  ganhar  juiz é demais  dá",1
"pt",234,"   felizes   trabalho  vem sendo feito vamos fluminense  torcida  apoia",0.7923726
"pt",235,"amanhâ bem cedo vou vestir  camisa tricolor  sair  rua vou esquecer  desgraça deste técnico",0.4160722
"pt",236," fluminense aanos  hj  derrota  hj pode colocar  conta  abel covarde medroso  incompetente  substituições  mulambos jogaram ª ja  x pq  so substituiu qdo levamos  gol  empate pedro figura morta  tirado  ws richa  outro colocado mj calazanscoisa  abel ja joguei  toalha  ganhamos  fraquíssimo carioca imagine algo maior parei",0.019824347826087
"pt",237,"  aconteceu   torcida  deu  confusão toda",0.1099058
"pt",238,"precisa desse post  sabemos",0.5
"pt",239,"flamengo campeãoporra",0.5
"pt",240,"independente  resultado  satisfeito    time tá  parabéns abel todo time  flu agora bola  frente  vamos  vamos",1
"pt",241,"bota  conta  abel  besta  maraca errou tudo desde  escalação inicial erro  substituição  tirar  welington",0.19821435
"pt",242," dizia  eterno goleiro  flamengo roubado é  gostoso",0.465069505
"pt",243,"florzada",0.5
"pt",244,"choro é livre",0.6235922
"pt",245,"valeu fluzão levantar  dar  volta  cima",0.63235135
"pt",246,"deu ruim florzao",0.02761
"pt",247,"nao adianta time jogar bem  pipocar  finaisonque ficam  história sao  títulos    craques  time  decidem  tinhamos fred  doamos   rival  ganharemos nada",0.71367775
"pt",248,"abelnao proposnenhuma variacao tatica poderia ter colocado  douglas  meio  forcar fisicamente  flamengomasinventou  maranhao comogosta  inventar semprepior nao aprendemqueatacantes  meioépedir  tomar goleada",0.177735714285714
"pt",249,"  assim   dia é  casas ir  outro é  casador",0.537829535
"pt",250,"parabéns vcs  nota",0.8983985
"pt",251," dia  caça outro  caçadoresse    fimvamos continuaralegremseestamos sendo lembrados",0.22149915
"pt",252,"mexeu errado  novo vacilou tecnicamente  dançamos ainda quer  consolar dizendo   outros campeonatos  poupe   é  tal maranhão  flamenguista  conheço festejou duas vezes  ter tirado  veloz wellington  jogomeio wellington vale  quex  tal  maranhão",0.117674193548387
"pt",253,"jogamos melhor nosjogos  vcs vem falar  juiz falta  rever    coisa  dizer é campeãoooo enquanto uns choram outros comemoramissoaquiéflamengo",0.45931293
"pt",254,"parabéns  taça guanabara fluminense v v v v",0.91711635
"pt",255,"manda  lixo  goleiro embora",0
"pt",256,"pensei q ganhar  mulambos  final  obrigação  laranjeiras  visto  time  engana vai ser difícil  brasileiro    flamengo  gente ganha  final dessa vamos ficar atras  mulambos  tudo   bora mudar  porra  hora é  aliás  passou  hora  jogador n respo   altura  time igafor q n  raça p ganhar  mulambo n deveria vestir  manto branco verde  grená",0.581687725490196
"pt",257,"  ajuda  juiz  vencer  fluzã acho   é menguim",0.81659705
"pt",258,"robadooooo falta encima  zagueiro  flu rever empurrouglobo  comentou  assunto",0.11625445
"pt",259,"  flamenguista  parabéns  equipe  fluminense  jogar bem     torcida dar  belo espetáculo",1
"pt",260,"rapaziada qlqr coisa reclamação é lá  delegacia  mulher vlw srn",0.4339219
"pt",261,"kkkkkkkkkkkkkkkkk",0.5
"pt",262,"abel acabou   finalricharlison deve pegar   pode  n tirar   campoe  mexe  la maranhãopelo amor  deus n quis ganhar",0.6463306
"pt",263," aquém  esperado   clássico  final  campeonato  time  rendeu  soube aproveitar  oportunidades  finalização  gol   minutos finais duas falhas  defesa  ocasionaram  primeiro  segundo gol  flamengo  expulsão  cavalieri final decepcionante tendo  vista  campanha  apresentou  estadual fazer   né alguém   perder lamentavelmente   fluzão  vida  segue outros títulos virão    melhorar     olho",0.319675022727272
"pt",264,"porra tira wellington silvapra colocar maranhão  foda abel pow",0.3378105
"pt",265,"parabéns fluminense  hombridade  reconhecer  vitória   mengão hoje  mosaico   flamengo   pó  arroz tricolor  brilhou dentro    campo levamos  campeonato   verdadeiro campeão   paz",1
"pt",266," choro é livre",0.6235922
"pt",267,"gooool flamengo",0.61200545
"pt",268," abel",0.5
"pt",269,"crl  vejo modinhas nessa porraq  foda perder faz parteo sentimento é maior   placar",0
"pt",270,"fluminense parou  tempo time precisa  elenco perdemos  artilheiro  nada  feito torcida  acostumada  derrotas vê   acontece   flamengo  ficarano  título  torcida  cana   gávea    torcida  frouxo acostumada  perde",0.33641376
"pt",271," dizia  goleiro felipe  flamengo roubado é  gostoso",0.46778731
"pt",272,"abel  derrotafoi   conta",0.5
"pt",273,"choraaa flor",0.5836643
"pt",274,"parabéns belíssimo jogo",0.8983985
"pt",275," abel mecheu  time errado   substituições erradas   vez entregando  taça   flamengo",0.26805895
"pt",276,"polyana arruda bosco bento janaina m bento",0.5
"pt",277,"timinho",0.5
"pt",278,"apesar  tirulo nãoter vindo  orgulhode ser tricolor",0.54621953
"pt",279,"vcs n podem falar ndpq  flamengo ganhou duas vezese  moral",0.37541025
"pt",280," triste   junto   time   coração ate  morte  juntos nessa fluminense",0
"pt",281,"passou  hora  arrumar  goleiro  disposição",0.460355325
"pt",282,"lamentávelfalta  sorte",0.8020403
"pt",283,"apesar  tudosempre flu",0.52649623
"pt",284,"flamengo jogou melhor",0.84873235
"pt",285,"vergonha precisamos pagar  série b  pararmos  passar vergonha rodrigo elias monteiro raphael campos",0
"pt",286,"obrigado fluminense obrigado  estragar  noite obrigado   estar puto  agora obrigado  tudo   jogasse   vontade desde  começo  fizesse  porra  gols necessário  aconteceria   obrigado arbitragem  borradas   bando  árbitros filho  putas  incompetentes    condições algumas  apitar  final",0.851041875
"pt",287,"aeabel pode ir embora  urubu malvado   embora comemorar",0.26195555
"pt",288,"bola  frente perdemos  título  primeiro jogo",0.34502255
"pt",289,"vamos lá flu   time suficiente  trazer  penta brasileirão deste ano",0.69196575
"pt",290,"seguro  tempo inteiro  deixa acontecer  cago   boca",0.67552045
"pt",291,"ae galera   vimos  filme abel  comando flu  ganha nada",0.5912245
"pt",292,"chupa kkkkkkkkkkkkkkkkkkk",0.5
"pt",293,"chama  advogado  vocêsreidorio",0.5
"pt",294,"  importante eque  sentimento continua  ",0.44815365
"pt",295,"aguardando  recurso amanha kkkkkkk",0.518351855
"pt",296,"jogarao  raca ate  finalisso qie importamas resumindo td  conta  cavaliere",0.5
"pt",297,"sempre    entregar  ouroo jogo  equilibrado  lucas recebe  bola limpaquer esnobarda  passe  calcanhar  costa pro adversárioerra  fla pega  bolala  defesa deixam  guerreiro solto  áreagollucas principal culpadosempre    entregar  ouroincrível",0.714658814814815
"pt",298,"puta merda vcs deixaram  guerrero maricon fazer gol",0.0969728
"pt",299,"caros tricoloresnosso time descansa duas semanas inteirinhas  jogos apenas  finais  semana  tempo  sobra  fazer calmamente treinos técnicos  táticos  turma  vermelho  preto além disso joga  metade  duas semanas seguidas partidas duras  libertadores   desgastados     moral levam  título  carioca  direito  duas vitórias sendo  segunda  virada olha pessoal  tricolor     chateado  vida deixar  fazer  seguinte pergunta   certeza    time  guerreiros é     resposta abel braga   jogadoresxpra   número  títulos  fluminense   pese ser bem superior àquele circo  horrores    time  levir culpi ainda é  ilusão provou  agora  duas decisões contra  time    cansado  melhor elenco  garra  é bem  arrumado  campo    vasquinho   aplicamos duas surras  x é   ainda   faz ter confiança nesse time   resto  temporada copa  brasil brasileirão  sulamericana onde   frente adversários  bem melhor nível ainda  faltando muita coisa nesse time  abelãoum abraçorenato corrêa",0.830226721311476
"pt",300,"toma  bambis",0.2315418
"pt",301,"vi  time ressurgir  cinzas   ano pro outro jamais deixarei  amalo fluminense football club   sula primeira liga brasileirão  copa  brasil segue  baile  flu",0.606680863636364
"pt",302,"fluminense x flamengo   juiz jogarão hoje",0.5690754
"pt",303,"parabéns flamengo",0.8983985
"pt",304,"parabéns  time jogaram  raça   deu agora é levantar  cabeça  dar  volta  cima  venha  brasileirão",0.8112386
"pt",305,"chupa bambizada enfia assis  washington  cu enfia renato gaúcho  cu enfiano cu cambada  viados aqui é mengãaaaaaaao porraaaaaa",0.3564631
"pt",306,"vão esperar  quanto tempo  contratar  goleiro cavalieri  apático  gol  anos",0
"pt",307,"maranhão entrou  fazer merda",0.0644087
"pt",308,"lutamos   fimcom  fluminense jogando  raçavaleu fluzão ainda  coisa boa  anost",0.68775525
"pt",309,"ótimo jogofluminense sempre",0.88652885
"pt",310,"deu  lógica kkkk",0.53469822
"pt",311,"fluminense perdeu  campeonato  primeiro jogo",0.37464995
"pt",312,"fluminense  roubado  juiz  assim acredito nesse time  guerreiros  ainda falta reforçar   meio campo   volta  scarpa   time dominar   adversários",0
"pt",313,"torcida  fluminense sinistra cantando  jogo todo abafando   rubronecas    maior público engraçado   torcida   cantaram dps  gol kkk",0.8818133
"pt",314,"jogaram bonito  garra  ganhamosfaz parte valeu abel",1
"pt",315,"engraçado   flamenguista kkkkk vem  página  time  amado  brasil   falar mal kkk  fecha  mulambos kkkkkkkk choraurubu",0.97669435
"pt",316," flamengo  ganha roubando",0.504223451
"pt",317,"aceitem  dói menos  viadinhos  perderam porque  flamengo  superior  segundo tempo     goleiro  vcs fez  lambança",0.23890035
"pt",318," vdd  regulamento  campionato q é  lixo  regulamento   criadores     sergrupos classifica osmelhores  cada grupo  ja   esquecer   taça rio taça guanabara  é passado",0.0721215714285715
"pt",319,"obrigado cavalierenão  novidade  bosta falhar",0.2317183
"pt",320,"contratemum centroavante porra",0.39983525
"pt",321," torcida deu showhenrique dourado  chaves melhorarammaranhão   condições  vestir  camisa",0.5308924
"pt",322,"jjahhahahaha  fuderam",0.5
"pt",323," flu precisa entender  lições  finais  carioca  deficiências  precisarão ser resolvidas   brasileirão pecamos  preparação   primeiro jogo  venceu   arriscou nosjogos parabéns  jogadores   esforçaram   tirem lições   resto  ano",0.526424216
"pt",324,"juiz errou agr ja eraerro maior  tirar wsilva    maranhao queria recuar  time tomou dois agr   act ser zoados",0.48380065
"pt",325,"uai ganhar fla x flu nao  normal heim flores kkkkkkkkkkkkkk chora serie c respeita aqui  mulambo aqui  favela kkkk chuuuuuuuuupa flooorzinha kkkk vices  noovoooooooooooooo kkk ganhar fla x flu  normal kkkkkkkkkkkkkkkkkkkkkkkkkkkkkkkkkkkkkkkkkkkkkflamengo nus fla flus   ai jejus",0.790863055555556
"pt",326,"timinho  merda  sangue  raça  alma horrível   goleiro meia armação  precisamos    atacantemelhor  campo  mim   rodrigo dourado",0
"pt",327,"parabéns  renato chávez  ter dado  titulo pros mulambos",0.8811689
"pt",328,"kkkkkkkkkkkk",0.53419429
"pt",329,"poxatricolor aff vcs sao burrospra caramba aff",0
"pt",330,"vai escalar maranhão  puta  pariu",0.43187185
"pt",331,"porra  precisando   goleiro   zagueiro urgente tão entregando  paçoca direto",0.40771875
"pt",332,"tá igual  nósso joinvillequando é partida  tituloé pau  torcida sempre fiél  time",0.58962225
"pt",333,"noz perdemos  campo   arquibancada noz ganhamos  goleadaa torcida deu show",0.15946545
"pt",334,"choroélivre respeitaomaiordobrasil",0.5
"pt",335,"burro viu  goleiro infelizque raivaaaaa",0.32258845
"pt",336,"parabéns  todos torcida linda",1
"pt",337,"kkkkk  fuuuuuuudeeeeeeeuuuuuu peerdeu poorrra mengoooooooo meuu mengaaaaaaaaaaaaaaaaaaaaaaâo perdeuuuu",0.53925252
"pt",338,"chupa tricolores k k k k guerreiro meteu  vchora  sofredoresa taça ficou  nois   vez",0.6251325
"pt",339,"valeu fluminense",0.73100085
"pt",340,"ganhar flaxflu é normal",0.81658425
"pt",341,"vamos ser verdadeiros  queremos  grande time  flamengo jogou  bem  embalado  libertadores  confiante  torcida fez  diferença   momento  segundo gol toda  diferença  goleiro cavalieri é  melhor  rio poderia ter sido pior      falta  resultou   expulsão  técnica marcos junior  pode fazer milagre emminutos marcar logo  começo  bom  acabou fazendo  time ver  jogo pois  flamengo   cima  time fez   pôde dentro  formação   equipe nova  flamengo   time   feliz  ver novamente  flaxflu bem disputado  maracanã  futebol  rio  morreu apesar  torcida  muitos dirigentes viva  alegria  carioca   torcidas apaixonadas",1
"pt",342," único estado   três campeões fluminense vasco é flamengo",0.534294085
"pt",343,"choram  rosas kkkk",0.54521169
"pt",344,"chupaaaaaaa",0.5
"pt",345," mengão porra  campeão porra respeita",0.60169685
"pt",346,"  empolguem   abel  é capaz  perder títulos   escalações  substituições  vai morrer abraçado   defesa principalmente   goleiro autista  sempre entrega  final",0
"pt",347,"chora chora choravice",0.25679885
"pt",348," flamenguista  venho dizer   torcedor  paz parabéns fluminense hoje   show  jogo inteiro coisa    via   bom temposrn pas",1
"pt",349,"parabéns diego cavalieri  excelente atuação  time jogou tão bem   péssima defesa acabou   time",1
"pt",350," título  veio bola  frente  emcampeonatos  precisamos focar   ficarmos  caminho precisamos  reforços  posições pontuais   melhorar  potencial  grupo  fluminense  final deficou eme    time condições  brigarmos bem  demais campeonatos venceofluminense",0.96079
"pt",351," amo abel jogamos  time orgulho  ser tricolor",0.7931214
"pt",352," juiz fuca  suave",0.88925525
"pt",353," sei porque  cavalieri insisti  dar bola   tal  gayrrero fazer gol vai entender  fluminense joga bem  segundo tempo todo dai vai  cavalieri  entrega  bola  pés  cara tnc porra",0.548833814814815
"pt",354," considero especial  vitória sobre  fluminense   tratar   grande clube  contrário  vasco  botafogo atualmente dirigidos  gângsteres qualquer  poderia ter saído vencedor   título estaria  boas mãos  resto  diria  jornalista mino carta é  luar  paquetá",1
"pt",355,"nasci tricolore vou morrer tricolor agora  timizinho  merda nunca vi  jogam bem  ano inteiro  chegam nessa final  fazem  porra   maldito   tricolor   vez    dissabor  vou ter  ir lá  laranjeiras vou pegar ocacetinho   colegas  vou pegar  tudo  porrada turma  safado",0
"pt",356,"tomar  cu kd  gustavo scarpa  nao joga  meses  time  mal  novo hj    coloca maranhao  jogo",0
"pt",357,"vice imundo pague  serie b",0.2315356
"pt",358,"globo futebol clube",0.54870847
"pt",359,"  arbitro mal preparado  dimensao  jogo falta escandalosa  rever  henrique cavalieri  tocou  adversario   fato  nao protestar deixa  impressao   fez alguma falta deveria ter hombridade  vir  publico  explicar  fez  falta  nao   nao deveria entao atribuir  juiz  responsabilidade sobre  expulsao penalty  leo nao marcado  falta  coragem faltas  empurroes   leves   area  marcadas  ambos  times falta  criterio",0.0181490384615385
"pt",360,"roubado  perdemos assim  flamengo corinthians palmeiras",0.083885
"pt",361," zagueiro  flu  empurrando   dois juízes eo bandeirinha  viu",0.46231687
"pt",362,"kkkkkkkkkkkkkkkkkkkkkkkk aqui é flameeeeengoooooooo",0.51454684
"pt",363,"pensei q so   visto  falta  rever ridiculosempre  assim  ta dificil  juiz ajuda ate agora  globo nao falou nada  falta",0
"pt",364,"chupa  florzinha chora   tá pouco abraço saudações rubro negra kkkkkkkkk",0.3063829
"pt",365,"ô tricolor pode chorar libertadores é    tradição  série c é  lugar   flamengovezes campeão",0.35994675
"pt",366,"  mi mi mitime  bosta fluminense sempre vai ser coadjuvante  campeonatos",0.30108655
"pt",367,"jogou nada  realista   time abel escalou errado  lado  ws desde  primeiro jogo",0.02995505
"pt",368,"campeonato carioca  vergonha  final deveria ser vencedor  guanabara vs vencedor  rio    flamengo  fazendo  final  nao ganhou nada",0.70397955
"pt",369,"jogaram  garra   raçaorgulho  ser tricolorfluminensetimedeguerreiros",0.4447617
"pt",370," flamenguista  parabéns  fluminense  ter feito  final emocionante contra  clube  regatas  flamengo  menos vcs  assistiram  sofá  final diferente  dois timinhos aí",1
"pt",371,"vlw fluzao perder pro rival eh chato  recuperamos  confiança montamos  time   padrão  jogo poucas vezes  estadual  tão importante    ano começa agora",0.247814285714285
"pt",372,"pq raios existe maranhao  fluminense",0.4063909
"pt",373,"choro choro kkkk",0.0911905
"pt",374,"culpa  abel",0.10148205
"pt",375,"welinton escalado  lado errado desde  primeiro jogo",0.18789975
"pt",376,"joão victor lopes  matheus marques vem comigo acompanhar  choros tricolete aqui kakakakakakkakakakakkaka",0.45929143
"pt",377,"timeco time ruim tecnico idem",0.14679545
"pt",378," tricolor  coração   time tantas vezes campeão fascina   disciplina  fluminense  domina   amor  tricolor paixão  vem  berço",1
"pt",379,"time frouxo   jogam  raça agora  dizem   poupar jogadores  flu jogou guarta  reservas  poupar  titulares  final  flamengo jogou   atlético pr  liberta venceu  fla guarta passada  flu folgou  fla jogou  liberta  venceu denovo  coisa errada  zaga  terrível   goleiropipoca mão  alface soltar  bola fácil   dentro  área manda embora    flamengo jogou  guartas   titulares",0.291250612244898
"pt",380,"principal culpadolucas   dar passe  letrade costas   adversárioerrou gol  flasempre    entregar  ouroe aindadeixaram guerreiro solto  áreasempre    entregar  ouro",0.59118275
"pt",381,"irônico flamenguista vir aqui comentar merda  torcida toda    gabam ter   onde comemorar  título     dar  trabalho  vir falar merda  página  rival patéticos st",0
"pt",382,"parabéns abel time lutou  rumo  título  sulamericana",1
"pt",383,"é fazer  ",0.51454684
"pt",384,"    gente deixa   mulambada  infernos",0.45170547
"pt",385," fluminense ate morrernas boas  sigonas más  apoiarei ate  final",0.66677595
"pt",386,"flu",0.5
"pt",387," vergonha  jogo",0.19794165
"pt",388,"time fraquíssimo agora é brigar   cair  brasileiro    grande conquista   flu poderá ter  ano",0.8349321
"pt",389,"maranhão  seleção vai tnc  cu abel fdp",0.07675285
"pt",390," tricolores  fuderam",0.5
"pt",391,"valeu fluminense amor eterno",1
"pt",392,"podem tentar  ninguém faz  festa   gente  dá nense st",0.52264406
"pt",393," segundo tempo  fluminense  melhor   flamengo   abel mula mexeu  mal  time tirando  wellington  botando  maranhão   fez bosta alguma  jogo",0.24564455
"pt",394,"flamengo  mito chorem vcs",0.491573335
"pt",395,"   botar marco j  entra  maranhao brincadeira",0.61034045
"pt",396,"maranhão é  lixo",0.0878432
"pt",397,"altos enojos papu",0.521992535
"pt",398,"  publicar saporra",0.52089955
"pt",399,"abelmuda  funçãovai ser papai noel",0.61614155
"pt",400,"lamentável",0.05322415
"pt",401,"  ter levado   deu  assim   amo fluminense",0.63198435
"pt",402," maranhão é bom jogador    ritimo dar condições   brasileiro tudo bem colocar   lugar  wellington   burrice  tamanho",1
"pt",403,"choram  rosasou  fores",0.5
"pt",404," abel faça  favor  mandar  maranhão  volta pro maranhão fez nada cara   ainda tira wellington silva   melhores jogadores  elenco tá  sacanagem",0.2866582
"pt",405,"goleiro expulso repito  maranhão",0.478355365
"pt",406," rubro negro  vi    mimimi  causa  gol  guerrero ne errado   cavaliere  ter dado lugar pro reserva pois  nitidamente sentindo agora parabéns  tricolores  festa   menor número fizeram frente cantaram   dois clubes merecem coisas maiores durante  ano  únicos    fim  levantar  futebol  rio   pouco jogaram  srn",0.513549930952381
"pt",407," amo fluminense ainda  acabou  temporada",0.39445785
"pt",408,"fluminense  parabéns torcida deu  show engoliu  mulambos perder faz parte  aprendizado   time é novo  todos  sentidos tranquilidade ainda  felizes  ano",0.9390152
"pt",409,"calma raoni reis",0.84324295
"pt",410,"abel  feito milagre nesse caminho nense pega  menos  vaga  libertadores  ano",1
"pt",411,"   maranhão",0.5
"pt",412,"cavalieri frangueiro tá  hr  contratação",0.46192752
"pt",413,"ta ai abel    preco q  paga  n jogar  primeiro jogo n perdesse hj perdesse semana passada   jogado cm jogou hj  certeza  sido campeao pois fla   time fraco lento demaisteve muita sortetd q  flu n poderia ter feito  ter perdido  titulo  deixado  timinho ter aumentado  vantagem  cm sempre flu gosta  facilitar  coisas p  timinho deixando  timinho  dar bemflu n merece issoos torcedores n merece issoflu  grande n pode ser deixado  trazsempre sendo menosprezado p  timinho pequenos ta  hr  acordar  montar  time vencedor  deixar  perder titulo  timinhoemfim abel errou  n deixa  ser  grande treinador  n vai ser  titulo perdido q vai mudar issopois ja ganhaste   nois   deu muitas alegrias parabens abel parabens flu n  campeao  jogou  raca hjfez  bom jogoganhar  perder faz parteda mesma forma q perdemos hoje  tbm pode perder amanha",0.218806230769231
"pt",414,"show x",0.52865502
"pt",415,"neeeeeenseeeeeeeederam showwwwwww",0.5
"pt",416,"saudações rubro negras  choro é livreeeeee",0.3146555
"pt",417," boas  apoio  más  amonão quero saber  resultado  quero parabenizar  time  entregapela luta agradecer  torcida linda  festa  festa cantou  jogo inteiro  orgulho desse time  injustiça grande  título  ter vindo   laranjeiras  acredito  coisas melhores   vir saudações tricolores  amo  fluminense",1
"pt",418,"  flamenguista quero parabenizar  agradecer  fluminense pelosfla flujogão  mostraram  força  dois melhores time  rio  consequentemente entres  melhores  brasil tô vendo alguns torcedores reclamando  deveriam  outros apoiando é  ai   apoiar  time    jogando  bem  time   ta forte  título  decidido  detalhes assim   flamengo ganhou  fluminense poderia ganhar    é    devem ficar julgando  muita coisa  frente ainda   certeza   fluminense   flamengo vão longe  ano então apóiem  torcida faz muita diferença  horas boas  ruim tambémabçs",0.636508298507462
"pt",419,"maranhão  dá abel   excelente treinador  tirar wellington silva  botar maranhão matou  timemarco júnior  melhor opção nessa horacavalieri mão  manteiga  juiz  bemgenerosono lance  gol   rever montou  jogador  fluminense vida  segue  sul americana  copa  brasil virar  chavetime jogou bem hoje  futebol  decidido  detalhe  fluminense errou  nao podia",0.742464222222222
"pt",420," novo fluminense começa ganhando  mulambos é sempre  acabam fazendo gol  final ridiculo ",0.29094255
"pt",421,"faltou bagagem imposição  golsquem quer ser campeão   obrigação   impornão  qualquer interferência externa entretanto falhas individuais    r chaves   goleiro  todas  bolas dá  merda  rebote",0.275722391304348
"pt",422,"abel   burro  fez  substituição desde   maranhão pegou  bola mostrou   fraco  substituir  wellington   título  mãos  perdeu  jogo naquele momento",0
"pt",423," campeao entrega  taça  zagueiro eo goleirokkk",0.478624925
"pt",424,"vcs sofrem faz tempo heim",0.496829644
"pt",425," aqui é flamengo pooow",0.51454684
"pt",426,"time pipoqueiro",0.5801592
"pt",427,"  grande jogodigno   fla x flusou mengomas  time  flu vai jogar   brasileirosou fã  abelãoem tempoum classico desse nivel  merece criticas pequenas  juiz",0.857223142857143
"pt",428,"pois sabemos   sentimento é maior   placar  amor é incondicional   sangue",0.84619285
"pt",429,"domingo ja   santos ashoras  manhã  brasileiro",0.525650295
"pt",430," garra  faltou",0.3538518
"pt",431,"choraaa",0.5
"pt",432,"chupaaaa",0.5
"pt",433,"hehehehe",0.6424554
"pt",434,"cavalieri entregou",0.5
"pt",435,"flaflaflagay",0.5
"pt",436,"maranhão entrou so  fazer merda apagado melhor  ataque   dourado  resto amarelaram  novo",0.18622575
"pt",437,"perdendo  ganhando  tricolor  coração",0.3426154
"pt",438,"kkkkkkkkkkkkkkkkkkkk krai   chorando paguem  série b",0.38215285
"pt",439," aí léo",0.5607915
"pt",440,"abel arrombado mexe   time  ta ganhando nao  mexe  time melhor   cara faz  dessa",0.6918968
"pt",441,"flamengo ganhou   adianta  nemse  morrer",0.1321555
"pt",442,"diego cavalieri  amor  deus  única bola    cimadele   faz una cagada dessa acabou  time todo",0.65675125
"pt",443,"custei  admitir  precisamos  dois goleiros  titular   reserva  miolo  zaga   definidor  ataque",0.1979716
"pt",444,"hahahahahahahahahahahahahahahahahahahahahahahahahahahahahaahahahahahahah choram  rosaaaaaaaas",0.5
"pt",445,"parabens jogaram  raça",0.50567372
"pt",446,"viceeeeeeee",0.5
"pt",447,"é confirmado   circulava nesta semana  internet  comprado  título  confederação ate  decisões existe corrupçãoganhou dinheiro  perdeu  título   flamerda",0.30985235
"pt",448,"porra fluminense poderia ter ganhado",0.2641309
"pt",449,"pessoal  rio  janeiro  amanhã  avistado  nuvem  poeira é porque abriram  portas  museu  flamengo sala  troféusmuito tempo  abrir vai ter  trocar   fechadura  porta ninguém acha   chave",0.538268888
"pt",450,"  prova  time   ganhando   mexeno primeiro jogo coloca henrique dourado  rítmo  jogo jogamos  menos    segundo faz  substituição ridícula colocando  cara   jogou nenhuma partida  campeonato valeu  entregar  título   flamengo",0.417297185185185
"pt",451," gosto   abel     criticando   entendi   tirar  wellingtone colocar maranhão  momento    flu   bem  jogo  acho  ali perdemos  jogo",0.81637605
"pt",452,"mengão campeão fluminense tomando  vaga  vice  vasco",0.8748132
"pt",453,"guerreiros jogaram bem foco pro brasileiro agora",0.8626791
"pt",454,"campeão estadual  levantar  taça estranho né",0.66763685
"pt",455,"toma  cu cavalieri  é maranhão  fodeeee",0.461852265
"pt",456,"vtnc porra kkkkkk",0.3677948
"pt",457,"léo pele  acerta nada",0.544499325
"pt",458,"meeeengo",0.5
"pt",459," aqui é flamengo porraaaaaa",0.51454684
"pt",460,"chupa franguinhas chupa franguinhas chupa franguinhas chupa franguinhas chupa franguinhas chupa franguinhas chupa franguinhas chupa franguinhas chupa franguinhas chupa franguinhas chupa franguinhas chupa franguinhas chupa franguinhas chupa franguinhas chupa franguinhas chupa franguinhas chupa franguinhas chupa franguinhas chupa franguinhas chupa franguinhas chupa franguinhas chupa franguinhas chupa franguinhas chupa franguinhas chupa franguinhas chupa franguinhas chupa franguinhas chupa franguinhas chupa franguinhas chupa franguinhas chupa franguinhas chupa franguinhas chupa franguinhas chupa franguinhas chupa franguinhas chupa franguinhas chupa franguinhas chupa franguinhas chupa franguinhas chupa franguinhas chupa franguinhas chupa franguinhas chupa franguinhas chupa franguinhas chupa franguinhas chupa franguinhas chupa franguinhas chupa franguinhas chupa franguinhas chupa franguinhas chupa franguinhas chupa franguinhas chupa franguinhas chupa franguinhas chupa franguinhas chupa franguinhas chupa franguinhas chupa franguinhas chupa franguinhas chupa franguinhas chupa franguinhas chupa franguinhas chupa franguinhas chupa franguinhas chupa franguinhas chupa franguinhas chupa franguinhas chupa franguinhas chupa franguinhas chupa franguinhas chupa franguinhas chupa franguinhas chupa franguinhas chupa franguinhas chupa franguinhas chupa franguinhas chupa franguinhas chupa franguinhas chupa franguinhas chupa franguinhas chupa franguinhas chupa franguinhas chupa franguinhas chupa franguinhas chupa franguinhas chupa franguinhas chupa franguinhas chupa",0.5
"pt",461,"axo linda  classe  torcedores   flusão perde diferente  outros timesflusão eternamente",0.7758894
"pt",462,"parabéns   time apesar  limitado jogou bem é  pena ver  técnico tentar ganhar  infelizmente  fluminense   boas peças  reposição vamos levantar  cabeça  seguir adiante",1
"pt",463,"qualquer  podia sair campeão hojeparabéns  flamengo   fluminense",0.70764195
"pt",464," cavalierigoleirinho  vergonharebater  bola daquela é brincadeiraaliásjá  tempo   tá afundando  flu",0.478570625
"pt",465," engraçado  agora  carioca vale pros flamenguistastô rindo ",0.82526345
"pt",466," time jogoupracrlmais diego vai tomar  cu  faz merda tá  hora   aposentar pq    deeeu  filho   tempo",0
"pt",467,"favelaaaa favelaaaa favela festa  favela",0.5503302
"pt",468,"parabéns  fluminensemas  tentando entender  motivo  maranhão entrar  jogo",0.7694108
"pt",469,"  globo  repetiu  lance  falta ridícula  rever",0
"pt",470," amor  cresce  amo  caralho",0.9500795
"pt",471," timeco  vergonha  semana parado  faz  lambança dessa",0.0531144
"pt",472," torcidaestá  parabéns  abel  quecair ",0.8983985
"pt",473,"richarlison  wellington  fominhas  burros  soltam  bola    decreto abel   chamar  particular",0.47735849
"pt",474,"abel braga  soube arma  time  tava ganhando dexsegundo tempo  fla cansou  fluminense  atacou  ganhar  jogo abel braga ta querendo vira  luxemburgo  pode  sabe arrumar  time  campo   hora  tá ganhando  perdendo",0.3412492
"pt",475,"nmrl vcs   ter vergonha    resultado  jogo",0.1664105
"pt",476,"chora tricolores kkkk",0.41258765
"pt",477,"  pensar bem  flu  final   surpresa jogamos honrado  camisa  raça   limitações   alma voltou  protagonistas   final renovamos  esperanças  ano esportivo  apenas começando st neennnseeeee",0.852628272727272
"pt",478,"chora",0.3783994
"pt",479,"vejo muita gnt reclamando  mexidas  abel principalmente   maranhão calem  boca maranhão     jogou  final  jogo torcedor modinha assumo  fiz  msm crítica  momento  substituição  agr  calo  boca qnt  ",0.269230307692307
"pt",480,"valeu time jogou  agora épensar  sul americana  copa  brasil",0.63065465
"pt",481,"acontece     guerreiromesmo achando   flu jogou melhorjogo  jogo vai  aproveitar  oportunidades",0.39009985
"pt",482,"abel perdeu  jogo desde domingopassado",0.37464995
"pt",483,"vai tomar  cu tiraram  wellington    merda qualquer  n quer perder",0
"pt",484,"roubadão",0.5
"pt",485,"chorar paixão",0.45263475
"pt",486,"respeitem  maior  rio  bixas flamengo    vasco   passam  cima  flamengo  gigante choram  viadoskkkkkkkkkkkkkkkk",0.489243165
"pt",487,"  vez  globo faz  diferenca  final parabens  juiz  falta  raver  lucas   n deu originando  primairo gol  mlambos  massacrados  juiz acabou c  jogo",0
"pt",488,"chupa  pau  cuuuuuuuuuuuuuuuuuuuuuuuuuuuuuuuuuuuuuuuuuuuuuuuu",0.5
"pt",489,"ganhando  perdendo sempre fluzãooo",0.3426154
"pt",490,"  pensei  so  tovesse visto  penalto   hever fez pois   comemtaristas falaram     flamengo ninguem comenta   vez  garfados",0.35440955
"pt",491,"fluzão independente",0.59087955
"pt",492,"menguinho suou sangue  ganhar kkkk   flu faz    flamengokkkk  proxima é   vai ter  suar sangue azul",0.8477156
"pt",493,"parabéns  flu  abel  ter tirado  wellington  existe jogador maior   fluo flu é maior   é tricolor",0.65699405
"pt",494,"dale dale dale oh mengao   coração",0.39817515
"pt",495,"perdeu muitas chances    faz leva",0.3714796
"pt",496,"parabéns  time jogou bem abel  grande treinador   pode botar maranhão  jogo desse  jogador amenos  empresário faz tudo enfelizmente",1
"pt",497,"jogão  flu   jogo  mão  abel errou  inventou   maranhao acabou   estratégia  time    vacilar  flamengoessa  fodaaaa",0.33954635
"pt",498,"melhor  campo  juizparabéns   influenciou totalmente noplacar",0.865361
"pt",499,"flamengo  rei  rio srn",0.502897769
"pt",500," contrata  goleiro  melhor   cara  agarrou hoje",0.9174813
"pt",501,"muda  horário  h fluminense football club  muita gente  trabalha sábadoe  horário   dará condição  estar presenteeuqueroestarpresente botah",0.51541595
"pt",502,"reais  dou amo  flu  torcida é foda   vou pagar     time  jogando nao vou ajudar  pagar  salário  abel  recuso   estar areais  olha lá",0.311362772727273
"pt",503,"  enfim começaram  mecher   favor agora falta  vlr  títulos  sócio torcedor criarem planos  acessível pros torcedores saudações tricolores",0.33687605
"pt",504,"canteremososminutos  cantamos ontem independente  resultado  time limitado  arbitragem errando cantamos  instituição fluminense football club jogadores  diretorias passam  clube fica venceofluminense",0.72375405
"pt",505,"  derrotas  reconhecemos  amor  clubequem apoia  derrotas   piores momentos é  torcedorquem julga  finge ser  torcedor st",0.67368525
"pt",506,"  opinião   elenco fraco  reduzido  dinheiro p contratações  venham  reforçar  time é bom  fluzão mirar   foco somente  brasileirão p  cair p  série b    desastre  precedentesnão moro  rio   assinante  premiere ajudando assim  fluzão",0.488133829032258
"pt",507,"foda   perdeuna alegria   tristeza   morte  separa",0.06797465
"pt",508,"infelizmente  torcida  é unida   faz  time  forte assim",0.12351535
"pt",509,"  brasília  acompanharei  tv pois  posso ir   rj contigo sempre estarei fluminense football club",0.60423555
"pt",510,"  ter feito   jogo contra  grêmio némas vamos lotar",0.51862672
"pt",511," flusocio bando  incompetentes   afundando  clube  abad mentiroso cadê  promessas  campanha   serve alexandre torresmeses  cargo   fez nada  agora  fudido   sanguessugas  poder",0.12379985
"pt",512," grande promoção  time n vale nemreais  inteiravolantes é  ovo  nogueira",0.7080911
"pt",513,"faz  time digno  disputar brasileirão  torcida chegar junto",0.910976
"pt",514," história  diretoria    dinheiro é papo furado pq   porcaria  avaí trás nomes  juan  maicon   diretoria fica  papo furado  n  grana pq  uns meses atrás tavam cagando  iam contratar  necessário  agr  nada time tá quebradocomo vcs acreditam assim fácilcomo  vai  fazer  estádio  n  granapq é oq  tbm prometeram n  diferentes   é  política  brasil  é  reflexo  desonestidade  falta  seriedade  pau  cu disso tudo pq  flu é assim contra tudo  contra todos sábado  ",0
"pt",515,"  ter feito  antes final  mês impressionante   clube demora  agir",0.695465
"pt",516,"jogo ontem perdido   torcida dando showaté  enfim  clube deu  moral igor marcio",0.34625805
"pt",517,"foraabad foratorres forateixeira   contra  apoio  torcida    estádio iria embora ainda  primeiro tempo",0.6699347
"pt",518,"  monte  molambos chorões aqui  gosta  time vai torcer  outro  verdadeiros tricolores vão acreditar sempre",0.30966365
"pt",519,"amo  fluzão vamos lotar gente independente  títulos  amor continua  ",1
"pt",520,"parabéns diretoria  reconhecimento   torcida vamos lotar  maraca  cantar  início  fim pracimabfluzão",1
"pt",521,"  burros ontem    bota  promoção dessa botaconto contra  vitória bota",0.8354941
"pt",522,"arthur barros  queria mt ir   pai tá machucado vê     ir",0.00464235000000002
"pt",523,"juntos   fortes vá apoie torça  clube   torcida juntos  imensamente superiores  má fase",0.55950935
"pt",524,"fluminense   é sócio   comprou  site  faz  reembolso",0.61632635
"pt",525,"brincadeiravocê quer   faça papel  otário cansado  flusocio vão  casa  chapéu",0
"pt",526,"   torcida quer cervejinha grátis á hora  mostrar  apoio é agora  derrotas  comemorar  vitórias",1
"pt",527,"é  aílevanta  cabeça sacode  poeira    volta  cimavamos  cima fluzão",0.39247435
"pt",528,"gratuidade  sul tbm pq   mudança  matando  torcida  flu pais  levaram  filhos bem  pessoas idosas  maioria  pessoas gostam  preferem  setor sul pois é  coração pulsante  torcida querem  gratuidades legais  leste ok  estenda então    sul",0.630529333333333
"pt",529,"tá  sacanagem   jogo  ontem  quero   time  exploda",0.20691955
"pt",530,"julio cesar calazans henrique gum  renato    defesa",0.51020263
"pt",531,"vamos fazer  parteagora  diretoria faça    traga  zagueiro   lateral esquerdo",0.64951195
"pt",532," torcida vai  jogos  amor  clube    diretoria  merda  tá dando vontade   sair  casa cadê  patrocínioscadê  reforços  é possível",0.1382776
"pt",533,"flu jacarepaguá diogo  faz p estar  vários lugares   tempo",0.493195535
"pt",534,"agora   mole fazer    eliminaçãopor   fazer  todo jogo assim  maracanã sempre vai ficar lotado",0.35638785
"pt",535,"assistir  viadinhos jogar   graça  time  merda  sabe perder saco  porrada",0
"pt",536,"  babacas  diretoriasendo garfadosdiretoe  banana  faz nadanão dá cara",0.7591214
"pt",537,"apoio incondicional é  carvalhoesperar    time  perde  vascotragam  volta  faixa lutem   fim porque  ano vai ser brabonão  elenco   vão trazer reforçosdiretoria covardefora abad",0.603853454545454
"pt",538,"fluminense  derrube  cartolabora ganhar  ganhar bem",1
"pt",539,"maraca cheio flu x vitória  medo  ir    dia  prova  enem então",0.4080651
"pt",540," ver richarlyasom marquinho marco júnior  abel  comando   graça",0.7990738
"pt",541,"apoem  time  cobrem dessa diretoria   faz nada  melhorar  plantel dar opções   treinador  diretoria é   fácil colocar  culpa  jogadores   treinador   ainda quer  estádio lotado  apoio  time  tricolor acima  tudo   diretoria precisa tomar  postura urgente",0.339718909090909
"pt",542,"moro  rondoniameu sonho  assisti  jogo   flusaoum dia  realizo  sonho",0.39750525
"pt",543,"chegou  hora  apoiar   time festa linda ontem  maraca  rivais ficam boladossss   torcida  fluzão vamossssssmil sábado cantando  ",0.99314215
"pt",544,"  time   treinador oq vão fazer  campo pq apoio    tendo    dando  retorno",0.460291445
"pt",545,"  ser assim diretoria fazem  parte    sempre iremos fazer  nossavamopapa",0.485538555
"pt",546,"  time ai  dá  ir assistirinfelizmente  quero sair dai  triste   ",0
"pt",547,"  bostão  técnico ontem   gota dágua   graça  desloco  ver  time medíocre jogando",0.83744735
"pt",548,"  fazer promoção   ver  alguém  coragem  ir  ver  time passar vergonha",0.6087828
"pt",549,"  hora  diretoria tomar  atitude  verdade  relação  absurdos  arbitragem contra  fazer notinha  repúdio protesto  cbf  mimimi  entrevista coletiva  vai resolver nadaatitude senhor abad presidente votei     começando   arrepender   passividade  relação  arbitragens falta  patrocínio  principalmente  relação  maracanã queremos atitudes",0.281456527777778
"pt",550,"caramba fiquei emocionado   comentários  ae galera vamos pegar  time  colo  fizemos ",0.77204765
"pt",551,"aconteça   acontecer  amor  acaba rumo  ponta  tabela",0.88013055
"pt",552,"vai toma  cú  gente quer é jogado né promoção  calara  boca  time  fraco",0.09299955
"pt",553,"sábado é dia  maracanã é dia  fluminensefluminense  sei   morte contigo estarei",0.3350396
"pt",554,"  graça   diretoria so roubando fábrica  jogadores so  ganha grana",0.700025
"pt",555,"   torcedores  fazendo    liberar  entrada  graça  amor    é  fluminensecom  diretoria limitada    preocupação nenhuma  parar  pensar  onde  levando  fluminense",1
"pt",556,"abel  idiota vc tirou  único cara q pensa  time é botou  zagueiro q tomou  gol  costas",0.02979775
"pt",557,"pro fluminense  tomar prejuízo  q todo jogo botar  dmil  dito  diretoria  maracanã",0.16123385
"pt",558,"lotar é  caralho leo pele é jogador  fliperama nojeira nao serve   limpar chuteira",0.32870605
"pt",559,"apoio incondicional   tyf   bravo brigando dentro  estádio",0.6791661
"pt",560,"aleluiaaaatava  saudade  ir   jogo  flu último  ano passado contra  sport",0.0502532
"pt",561,"cada jogo é  final agora pode vim qualquer adversários  time   vencer todos tipos   forte  fraco  fluminense   jogar  confiança vontade  sangue  vencer  fluminense  inmenso pohaa",1
"pt",562,"  ser  graça presidente ladrão fdp atuação péssima  equipe  exceção  alguns precisamos contratar",0.10246985
"pt",563," tricolor   andar  carruagempodelotarque   elenco vai  novo  decepcionarmuito triste   derrotaapro vitória",0.36359805
"pt",564,"moro longemas sempre apoiando  ti fluzão  importa competição   importa  resultado",0.67251785
"pt",565," comprei   ingresso  leste pora meia  clube vai devolver  diferença",0.76541495
"pt",566,"kkkkkkkkkkkkkkkkkkk  é reconhecimentovai  fuder abad reconhecimento é  time forte",0.504194528
"pt",567,"perdendo  ganhado sempre fluzão quero    rubrunekas vão  fu",0
"pt",568,"queria  ir  sonho é ver  partida   fluminense  maracanã pena  moro  es hahaha",0.2222368
"pt",569,"fabio oliveira tão fazendo  tudo  lotar   lotam daqui  pouco entrada   graça",0.7406151
"pt",570,"time  vergonhatem  jogar  estádio vazio  pernas  pauso ser salva  wendel",0.546549635
"pt",571,"porra bela promoção kkkkkkkkr  ver  time  vergonha tá caro aindatinha  ser der  baixo",0.3482592
"pt",572,"vamos esquecer acopa  brasil agora é focar  brasileirão",0.60806715
"pt",573,"sempreeeee unidos  desistir nunca lutar   fim acreditando sempre  vitória  pedras viram   fé vai derrubar  barreiras força fluminense",1
"pt",574,"pena quer estarei  serviço   apoio  sempre  mesmovamos fluzao vamos ganhar",1
"pt",575,"time merda  krlh  gasto  dinheiro  saber    derrota encomenda   vir",0
"pt",576,"time severgonha time dmerdaasanao    pigo d respeito   torcedores mudança ",0.9623495
"pt",577," porra   ser  graça    vou   estadio vervolantes tmnc",0.581569
"pt",578,"finalmente entenderam   time tá  merda   é  preço justo  ver  bando  pereba",0.6736996
"pt",579,"lotar porra nenhuma time fraco   fluminense tava ontem  maracanã   vi  flu entrar  campo precisamos  reforços urgente",0.08103635
"pt",580,"chorei    torcida cantando  último jogo",0.2131864
"pt",581,"vamos lotar  maraca",0.60367965
"pt",582," maraca   prejuizo",0.5
"pt",583,"podia  prareais néolha  show  deram ontem    eliminação",0.454156235
"pt",584,"vamos apoiar  fluminense precisa   torcida",0.63457205
"pt",585," voute amo fluminense",0.67922675
"pt",586,"maracanã majs ",0.5
"pt",587,"   ter feito  ontem",0.5040029285
"pt",588," queemedsonpassos",0.5
"pt",589,"ir  estádio   ver  time fazer vergonha novamente",0.2631822
"pt",590,"ju ju partiu",0.59741345
"pt",591,"vamos juliano nascimento  é  melhor torcida",0.9938932
"pt",592,"    sempre estarei contigo",0.56239155
"pt",593,"bom horário  bom preço quero ver  desculpa agrvão falar  ta sol demais",1
"pt",594,"vamos apoiar fluminense eterno amor",0.95509805
"pt",595," comédia  presidente chorão  merda   colocar entrada gratuita",0.03371845
"pt",596,"partiu nathalia oliveira bora pro maraca",0.794713
"pt",597,"tricolor  abandona nunca pracimafluzão",0.40157325
"pt",598,"vamos lotar sábado",0.624665
"pt",599,"promoção agora vtnc diretoria",0.32089535
"pt",600,"  ser  máximoreais  merda",0.0644087
"pt",601,"  colocar  graça diretoria infeliz",0.469150305
"pt",602,"vtnc",0.33105475
"pt",603," jogo  vitória éobrigação",0.8020363
"pt",604,"perdemos ontemmas hj iremos detonar",0.4399522
"pt",605,"edison  outros  deu  vamos nesse",0.58105805
"pt",606,"  ser grátis",0.5
"pt",607,"  fez checkin",0.51297505
"pt",608,"agora sim",0.722743
"pt",609,"tá caro",0.64787775
"pt",610,"torcida  fluminense  iludindo  pouco pqp",0.401148
"pt",611,"estarei lá  apoiar  guerreiros tmj fluzão",0.5975388
"pt",612,"vitoria",0.5
"pt",613,"ai  gostei vou convocar  galera vamos fluzãos s s",0.84633495
"pt",614,"ai sim",0.708528
"pt",615,"joguem  garra   apoiaremos",0.5
"pt",616,"promoçãokkkkk contra  vitoria  queriam   quanto",0.5
"pt",617,"lotar kkkkkkkkk piada   hora é foda",0.69837775
"pt",618,"alguma van  ônibus  passe  três rios rj",0.46507339
"pt",619," amo  fluminensemas assim  dá vergonha",0.3765798
"pt",620,"   ai  brasil   graca  is ver  time  merda",0.13394685
"pt",621,"ontem  torcida fez festa  ai parabéns",0.9639666
"pt",622," voooooou",0.5
"pt",623,"  queria morar  rio neste momento",0.27198365
"pt",624,"vcs   jogador  porta desse time   continuar assim vai cair",0.48002681
"pt",625,"queremos time",0.5801592
"pt",626,"sócio  graça  pagars",0.75728815
"pt",627,"boaé jogo pramil pagantes  buscar  liderança",0.5
"pt",628,"espero   cavalieri  jogue todo jogo toma gol porra",0.17646505
"pt",629,"más   nunca umzagueirourgente",0.40157325
"pt",630,"vamos  vamos",0.70735935
"pt",631,"vamoooos lotaaaaaaarr",0.507099435
"pt",632,"vamos lápra cima fluzão",0.60367965
"pt",633,"sábado é diadeflu",0.52658573
"pt",634,"estarei la",0.545384645
"pt",635," ver marquinho  maranhao tô ",0.531128525
"pt",636,"time  alma merece jogar sempre  estádio cheio",0.508907365
"pt",637,"vivaa",0.5
"pt",638,"comprando agoravamos guerreiros",0.5
"pt",639,"raiane borges vou comprar assim q puder hein",0.6895951
"pt",640,"  presidente idiota desse",0.10837235
"pt",641,"estarei presente",0.6231303
"pt",642,"leandro borges  pq  vamos estar aqui",0.5003208667
"pt",643,"tomara   vai ninguém",0.531055195
"pt",644," ver  merda  time   treinador merda   ser  graça",0
"pt",645,"tenque ser barato      time tá passando",0.92058555
"pt",646,"giulia cottini porrannnn  vc  barra",0.495072946
"pt",647,"  graça time safado",0.95627735
"pt",648,"agora sim  preço bomvaleu",0.722743
"pt",649," lindo  torcida lotar  estádio  lindo",1
"pt",650,"up",0.5
"pt",651,"estarei lá ",0.545384645
"pt",652,"mauricio souza vamo carai sábado",0.59071
"pt",653,"boraaaa karen",0.5
"pt",654," deus olha  promoção carolina roquette",0.51723784
"pt",655,"booooora fluzão",0.5
"pt",656,"vinícius machado  gente precisa ir",0.48508136
"pt",657,"liberem  sócio",0.5
"pt",658,"  fazer  promoções contra times grandes tbm",0.5
"pt",659,"  brincadeira",0.5
"pt",660,"geovane couto raphael araujo victor motta vitoria sodré robson caruso moreira junior fernando leo lima",0.507452475
"pt",661,"ok",0.51123567
"pt",662,"tô  confirmado   hat trick  pênalti  ceifador",0.54644713
"pt",663,"vamos flu",0.60367965
"pt",664,"vamos  cima fluzao",0.60367965
"pt",665,"  enfim",0.57834455
"pt",666,"louise santos  ouvi  vai dá   ir",0.506761655
"pt",667," carreguei   ontem",0.5
"pt",668,"saudades meia armador  qualidade saudades saudades",0.0868065
"pt",669,"juntos   fortesvamos  tudo",0.518771975
"pt",670,"flu vai tomar  cú",0.42507995
"pt",671," so pode ser deboche",0.3779195
"pt",672,"foraabad",0.5
"pt",673,"vou compra  ingresso amanhãsomosfluminense",0.5825313
"pt",674,"passar   vergonha tô ",0.19794165
"pt",675,"vamos encher  maracanã porra  amor nunca vai acabar",0.814919
"pt",676,"vamos apóia  time sabemos   limitação",0.68383885
"pt",677,"parece ate  viram  live so jorand",0.4155678
"pt",678,"   preço    algum animo  ir  jogo",0.48508136
"pt",679,"ainda acho  lucro  campo  américa rj",0.7346401
"pt",680,"infelizmente vou trabalhar  terça feira  ae então faça  msm promoção",0.1059856
"pt",681,"acabou  amor  aqui vai virar  inferno",0.246339
"pt",682,"vamos fluzãoperdemos  batalha  nao  guerravamos  tudo",0.1479673
"pt",683,"pipoqueiroooo oooo pipoqueiroootime pipoqueirooo",0.51278579
"pt",684,"   mostrar força  time",0.5801592
"pt",685," jogar comvolante é derrota  certa",0.14054965
"pt",686,"  time",0.5801592
"pt",687,"  tirar  dourado  botar  richarlison",0.5
"pt",688,"vai cairvai cairvai cair vai cair",0.3998676
"pt",689," torcida sempre  show",0.5308924
"pt",690," preço é  sul",0.51454684
"pt",691," vou   irmão  ainda vou levar  filho dea  emeses",0.52945809
"pt",692,"aff ando  medo  resultados",0
"pt",693,"tadeu ribeiro   ontem  podemos abandonar  guerreiros somosfluminense",0.4248463
"pt",694,"vamos    guerravamos fluzaoo",0.8383006
"pt",695," tô desanimado   time  ano vai  aguentar  tabelas   cair",0.42205255
"pt",696,"  graça   defesa",0.75728815
"pt",697,"porra tirar  escarpa é d ",0.41438205
"pt",698," frente",0.5
"pt",699," q botou  então",0.54627833
"pt",700,"ontem deumil",0.5
"pt",701,"enquanto  leo pelé  vai ",0.5
"pt",702,"vou convocar  papai",0.6037299
"pt",703," time ridículo   graça vale  pena",0.38805865
"pt",704,"flu abel amo",0.67922675
"pt",705," vamos pro cor tiago soares",0.61739895
"pt",706,"juntos   fortes",0.518771975
"pt",707," vou",0.536709605
"pt",708,"  táreaispelas últimas atuações",0.5
"pt",709,"kkkkkkkk  assimlotaram omaracanãkkkkkkvergonha",0.5
"pt",710,"lotarpra fazer  vexame  novo",0.545654775
"pt",711,"torcida acordaestádio vazio   time  mercenários",0.5567705
"pt",712,"vania rodrigues vamos",0.60367965
"pt",713,"viado time  viado",0.3912605
"pt",714," arrumar  patrocinador vai resolver mt coisa",0.84214365
"pt",715,"fluzao ve  nao perde ok to confiando  vc",0.31664545
"pt",716,"to lá",0.48153509
"pt",717,"sempre junto  fluminense",0.5
"pt",718,"vamos fluminense  garra   raça",0.60367965
"pt",719,"bamos",0.4956902565
"pt",720,"fluminense é  vida",0.74297535
"pt",721,"vai fluzaoooooooo",0.5
"pt",722,"time  fraco",0.22039085
"pt",723,"afinal  jogo vai ser  horas hr   hr",0.49157308
"pt",724,"  confirmado",0.5
"pt",725,"representou",0.52529645
"pt",726," vale  pena timinho",0.4198448
"pt",727,"eliminado choram  flores paguem  serie c  animais levou duas sacoladas",0.4413886
"pt",728," cima  fluzão",0.5
"pt",729,"então vamos entrar  meias    jogadores",0.6715353
"pt",730,"bota  julio cesar  golesse abel nao   ve  cavaliere",0.34634605
"pt",731,"vamos galera lotar  maracanã pois  aqui é fluzão porra",0.55119715
"pt",732,"vai ser quehoraso jogo",0.502932489
"pt",733,"times  série b  patrocinadores master  fornecedora  material esportivopaysandu master caixa fornecedora lobojuventude master banrisul fornecedora trezecrb master caixa fornecedora rinatguarani master cdediagnóstico  imagem fornecedora toppersanta cruz master mrv fornecedora penaltyfigueirense master adidas fornecedora caixaamérica mg master caixa fornecedora lupoboa esporte master grupo góissilva fornecedora kanxaparaná clube master racco fornecedora topperabc master caixa fornecedora rinatbrasil  pelotas master caixa fornecedora topperinternacional master banrisul fornecedora nikeceará master caixa fornecedora toppervila nova master caixa fornecedora rinatlondrina master caixa fornecedora kariluoeste master audax fornecedora dekagoiás master caixa  unimed fornecedora topperluverdense master sicred  gazin fornecedora kanxanáutico master caixa fornecedora toppercriciúma master caixa fornecedora embratex",0.540860602040816
"pt",734,"vqv",0.57669555
"pt",735,"vai toma  toba   gratidão",0.9114457
"pt",736,"fluminense precisa   apoio",0.8418136
"pt",737,"comprando ingresso  hora é  preso alguem  confirma ai",0.3903778
"pt",738,"estaremos juntos lá fluzão",0.518771975
"pt",739,"burroooooo",0.5
"pt",740,"independente  situaçãotodos vamos apoiar",0.6945592
"pt",741," nessa juntos vou estar lá",0.55184745
"pt",742,"vamos apoiar  flu so  fase ruim vamos lotar  maraca",0.24196055
"pt",743,"c",0.5
"pt",744,"time  viados",0.5801592
"pt",745,"reconhecimento    merda  ontem",0.0644087
"pt",746," vou  precisamos  contrataçãourgente",0.536709605
"pt",747,"gabriel amaral lucas meyer bora fechar  maraca",0.6347169
"pt",748,"kkkkkkkkk",0.5
"pt",749,"leandro pires italo sampaio lucas genuinoe   champions  buxixo  correr   maraca",0.5
"pt",750,"tayná karol thamyris beatriz oi sumidas rsrs",0.77033995
"pt",751,"reconhecimento   merecido calebe  silva carvalho",0.55842935
"pt",752,"olha mano podíamos ir aurenio casaes yf",0.469511345
"pt",753,"marianna trotta esqueceanos",0.5
"pt",754,"adriano aceito",0.60498815
"pt",755,"marcelo oliveira pagar  mim ir",0.512048645
"pt",756,"bora consuelo",0.6347169
"pt",757,"thainá velasques queeeero",0.5
"pt",758,"tay oliveira aiiimerréis",0.526967285
"pt",759,"linds santos  prepara",0.58371115
"pt",760,"gustavo santos  vai ser bora",0.65932965
"pt",761,"lucas arrigoni kkkkkkkkkk partiu",0.6725139
"pt",762,"caroline lima vamos",0.5020367205
"pt",763,"aí gustavo roger bora mano",0.60201735
"pt",764,"vamos amor priscila soraya",0.95509805
"pt",765,"koe isaac bc nascimento sábado  ",0.52098535
"pt",766,"cunhada olha  thainá maciel",0.5
"pt",767,"pedro junior vamos",0.60367965
"pt",768,"carlos silvabora pai",0.486116335
"pt",769,"daniel marques ta baratinho",0.4612298
"pt",770,"booooooaaaaaate  fim acertaram umaaa",0.41083255
"pt",771,"diogo orlando hugo meneguite thiago pacheco",0.5
"pt",772,"carolina alencar vamos",0.60367965
"pt",773,"isadora lameirão podíamos ir",0.7125967
"pt",774,"ai daniel alves vamos",0.5750501
"pt",775,"enzo chagas quer ir",0.48508136
"pt",776,"vamossss alan maciel lucas leite",0.58815
"pt",777,"marcello jucá vamos",0.60367965
"pt",778,"thiago sampaio vamos",0.60367965
"pt",779,"vamos vitor marinho",0.60367965
"pt",780,"sandro augusto joaquim alves felipe oliveira igor andrade lene figueiredo catriel barrose aeeu vou ",0.5865486
"pt",781,"matheus oliveira partiu",0.6994812
"pt",782,"podíamos ir ne flavio alessandro",0.477335245
"pt",783,"quero ir léo araújo",0.4165181
"pt",784,"ramon pereira bora",0.42075735
"pt",785,"carla mattos vamos",0.60367965
"pt",786,"aí rodrigo",0.5
"pt",787,"guilherme lima natânia vilhena vamos",0.60739035
"pt",788,"rogerio júnior querooooo",0.468474075
"pt",789,"enderson garrit  aí",0.5
"pt",790,"lucas araujo vamos",0.60742145
"pt",791,"partiu camilla silva eduardo guimaraes rodrigo barbosa",0.6725139
"pt",792,"andrey hudson rufino leva eeeeeeu",0.5
"pt",793,"simônia santos vamos",0.62535995
"pt",794,"yago rodrigues vamos",0.60367965
"pt",795,"wictor cezar sabado",0.51664087
"pt",796,"jaime  espirito santopartiu",0.515853675
"pt",797,"celio caio junior",0.5
"pt",798,"renan armaroli partiu",0.6768983
"pt",799,"giovani thomaz",0.5
"pt",800,"roberto tricolor vamos",0.6035113
"pt",801,"lucas santos pedro oliveira lucas rodrigues",0.548647585
"pt",802,"lucas melo",0.5
"pt",803,"marco andré ribeiro bora",0.69571975
"pt",804,"aí lucas ripper sabrina vieira matheus ripper",0.6858388
"pt",805,"bora luis eduardo kronig",0.5733207
"pt",806,"igor amorimleonardo rodrigues vamos",0.57902725
"pt",807,"lilian mendes vamos",0.60367965
"pt",808,"renan lucateles vamos",0.60367965
"pt",809,"andré",0.5
"pt",810,"thays sandes castro vamoooood",0.5
"pt",811,"vamos naísa batista",0.60367965
"pt",812,"paulo victor cinthia santos",0.521680295
"pt",813,"jon scarpa",0.5
"pt",814,"pai vamosanderson barbosa  silvaeu pago ",0.347778
"pt",815,"luiz carlos antonio pablo paes leme vamos",0.534284575
"pt",816,"edilson silveira vamos",0.60367965
"pt",817,"bora douglas galvão",0.6347169
"pt",818,"helen ricardo eduarda quaresma elisangela ricardo sarah quaresma",0.4833916
"pt",819,"rafael itaborahy vamos",0.60367965
"pt",820,"projeto charme",0.84687025
"pt",821,"robson souza tony martins vamos",0.60367965
"pt",822,"diogo servio júnior rodrigues",0.4996984452
"pt",823,"bora ana paula barbosa  edson barbosa",0.6347169
"pt",824,"filipe rodrigues  mello vamos",0.60367965
"pt",825,"sábado rs nathalia marques renato brito",0.6848686
"pt",826,"bernardo pessanha bora",0.686816
"pt",827,"kevin gomes",0.5
"pt",828,"ithallo sampaio carlos henrique joão paulo medeiros alex silva",0.42279905
"pt",829,"juciara guedes borá",0.6053719
"pt",830,"joão gabriel rony correa caroline martins",0.39464635
"pt",831,"junior petrucci renata nogueira gabrielle nogueira eliana nogueira",0.5
"pt",832,"sérgio f santos diogo faria hemilly menezes",0.521680295
"pt",833,"andré ciconeli",0.5
"pt",834,"oi wictor cezar",0.58853525
"pt",835,"manuela lima jorge aquiles lima",0.6190795
"pt",836,"renata castro",0.5
"pt",837,"rafael andrade flavio flavinho mtê oliveira daaniel queiroz so vamos",0.59861195
"pt",838,"tiago dias",0.50507593
"pt",839,"jacqueline cicilia",0.5
"pt",840,"robson magalhães rocha",0.5
"pt",841,"sthéfany pena matheus marllon maxvinicius batista larissa senna partiu",0.55297905
"pt",842,"luiz fontes marcelo amaral fluzão",0.5
"pt",843,"josiane rodrigues chaves",0.5
"pt",844,"pedro nascimento breno fernández duarte",0.53184691
"pt",845,"rogerio marinho filho",0.5
"pt",846,"gean freitas",0.525798215
"pt",847,"alan vitor",0.5
"pt",848,"nilson caffé",0.5
"pt",849,"vamos gilberto lopes trindade",0.60367965
"pt",850,"ciro couto",0.5
"pt",851,"kaiky frança",0.5
"pt",852,"leonardo bozeja wellerson calixto",0.5
"pt",853,"caio lima",0.503710687
"pt",854,"deivid rolemberg",0.5
"pt",855,"ana carolina rocha",0.5
"pt",856,"cesar matheus bitencourt",0.5
"pt",857,"claenyson santos",0.521680295
"pt",858,"kleyton fernandes",0.5
"pt",859,"nicollau maia fort",0.5
"pt",860,"leonardo dias",0.50507593
"pt",861,"alex benicio",0.5
"pt",862,"larsen santos",0.521680295
"pt",863,"maria eduarda tavares carla fernandes",0.5
"pt",864,"andressa diniz",0.5
"pt",865,"tadeu ribeiro",0.5
"pt",866,"lucienne nunes",0.70849595
"pt",867,"leticia servino",0.5
"pt",868,"luiza coelho",0.5
"pt",869,"mychelle barcellos jayme barcellos",0.5
"pt",870,"enzo menucci",0.5
"pt",871,"thalles raquel",0.5
"pt",872,"sara lemos thiago santos guilherme menezes iii",0.5981951
"pt",873,"rodrigo faislon kubrusly orlando filho bruno estrela",0.5
"pt",874,"caio alberto allan cherol",0.5
"pt",875,"débora facioli",0.5
"pt",876,"fabiano balter",0.5
"pt",877,"duda cunha",0.5
"pt",878,"thomazelli di mu",0.514640675
"pt",879,"guilherme ribeiro",0.5
"pt",880,"leonardo canedo",0.5
"pt",881,"wilson pereira",0.5
"pt",882,"renan vieira",0.5
"pt",883,"andressa soares  andré delgado",0.5
"pt",884,"bianca vidal gabrielle correa",0.5
"pt",885,"ramon reis",0.5740341
"pt",886,"edson peixoto",0.5
"pt",887,"yuri santanna",0.5
"pt",888,"breno eduardo gama",0.5
"pt",889,"paulo renato",0.5
"pt",890,"ailton s reis santana",0.6393062
"pt",891,"leonardo mello",0.5
"pt",892,"andré monken",0.5
"pt",893,"larissa cavalcanti",0.4968055935
"pt",894,"júlio césar antonio carlos",0.503949061
"pt",895,"samuel souza",0.5
"pt",896,"simone galliet",0.5
"pt",897,"marcio carvalho",0.5
"pt",898,"marcos costa",0.5
"pt",899,"renato neves",0.5
"pt",900,"pablo reis",0.5006899685
"pt",901,"mauricio rocha",0.5
"pt",902,"anna luíza",0.5
"pt",903,"joão manoel",0.5
"pt",904,"gabriel oliveira",0.526967285
"pt",905,"lucas barbosa",0.5
"pt",906,"mateus rocha thiago lima",0.503710687
"pt",907,"fábio",0.5
"pt",908,"rosemary costa",0.5
"pt",909,"flavia escarlate",0.50761865
"pt",910,"rafael costa",0.5
"pt",911,"luciene maciel",0.5
"pt",912,"vinicius furtado",0.5
"pt",913,"patricia vasconcellos",0.5
"pt",914,"renato silva",0.5
"pt",915,"duda portilho",0.5
"pt",916,"ricardo moraes",0.497614369
"pt",917,"thais rodrigues",0.5
"pt",918,"gabriel vieira",0.5
"pt",919,"douglas henrique",0.50713317
"pt",920,"fabinho jpa",0.5
"pt",921,"ruan nogueira",0.5
"pt",922,"felipe rodrigues pedreira",0.5
"pt",923,"andressa teixeira",0.5
"pt",924,"marcelo elias",0.5
"pt",925,"juliana araújo",0.5620358
"pt",926,"júlia teixeira",0.5
"pt",927,"jeanne guilherme schulz",0.5
"pt",928,"dandara oliveira",0.490072475
"pt",929,"marcio cristiano monteiro",0.596128
"pt",930,"mattheuss",0.5
"pt",931,"alex  oliveira castro",0.526967285
"pt",932,"gabriel nascimento",0.5
"pt",933,"caique lyrio",0.5
"pt",934,"robson breves vieira",0.5
"pt",935,"aline ventura",0.5
"pt",936,"beatriz mafra",0.5
"pt",937,"roberta gomes anima",0.52997622
"pt",938,"luiz felipe rodrigues",0.5
"pt",939,"alex campos",0.5
"pt",940,"júlia maia",0.5
"pt",941,"carla paladino",0.5
"pt",942,"junior sousa  leva",0.5
"pt",943,"kristen furtado dam",0.5
"pt",944,"fabio soares",0.5
"pt",945,"rafael freire",0.5
